TIMESTAMP,USER_ID,SESSION_ID,ACTION_TYPE,TARGET_RESOURCE,SEVERITY_LEVEL,BYTES_TRANSFERRED
1700000000,alice,session-a-01,LOGIN,/usr/bin/sshd,5,0
1700000012,alice,session-a-01,COMMAND_EXEC,/bin/ls,3,1024
1700000025,bob,session-b-01,LOGIN,/usr/bin/sshd,5,0
1700000038,alice,session-a-01,FILE_ACCESS,/opt/app/application.properties,4,2048
1700000051,bob,session-b-01,COMMAND_EXEC,/bin/ps,3,4096
1700000064,alice,session-a-01,LOGOUT,/usr/bin/sshd,5,0
1700000077,carlos,session-c-01,LOGIN,/usr/bin/sshd,5,0
1700000090,eve,session-e-01,LOGIN,/usr/bin/sshd,7,0
1700000103,carlos,session-c-01,FILE_ACCESS,/var/log/syslog,6,15360
1700000116,eve,session-e-01,COMMAND_EXEC,/usr/bin/cmake,3,512
1700000129,carlos,session-c-01,DATA_TRANSFER,192.168.1.100,8,10240
1700000142,bob,session-b-01,LOGOUT,/usr/bin/sshd,5,0
1700000155,eve,session-e-01,FILE_ACCESS,/etc/passwd,9,4096
1700000168,carlos,session-c-01,DATA_TRANSFER,192.168.1.101,8,5120
1700000181,frank,session-f-01,LOGIN,/usr/bin/sshd,5,0
1700000194,eve,session-e-02,LOGIN,/usr/bin/telnetd,10,
1700000207,carlos,session-c-01,DATA_TRANSFER,192.168.1.102,8,20480
1700000220,frank,session-f-01,COMMAND_EXEC,/bin/df,3,2048
1700000233,eve,session-e-02,COMMAND_EXEC,/usr/bin/nmap,9,12288
1700000246,carlos,session-c-01,DATA_TRANSFER,192.168.1.103,8,51200
1700000259,alice,session-a-02,LOGIN,/usr/bin/sshd,5,0
1700000272,frank,session-f-01,LOGOUT,/usr/bin/sshd,5,0
1700000285,eve,session-e-02,FILE_ACCESS,/var/secrets/key.dat,10,1024
1700000298,carlos,session-c-01,DATA_TRANSFER,192.168.1.104,8,30720
1700000311,alice,session-a-02,LOGOUT,/usr/bin/sshd,5,0
1700000324,grace,session-g-01,LOGIN,/usr/bin/telnetd,5,0
1700000337,eve,session-e-02,DATA_TRANSFER,203.0.113.10,8,819200
1700000350,carlos,session-c-01,COMMAND_EXEC,/usr/bin/top,3,8192
1700000363,grace,session-g-01,FILE_ACCESS,/etc/hosts,4,1024
1700000376,eve,session-e-02,LOGOUT,/usr/bin/telnetd,10,0
1700000389,dave,session-d-01,LOGIN,/usr/bin/sshd,5,0
1700000402,grace,session-g-01,LOGOUT,/usr/bin/sshd,5,0
1700000415,carlos,session-c-01,LOGOUT,/usr/bin/nginx,5,0
1700000428,dave,session-d-01,FILE_ACCESS,/dev/sda1,6,1024000
1700000441,eve,session-e-01,LOGOUT,/usr/bin/sshd,7,0
1700000454,bob,session-b-02,LOGIN,/usr/bin/nginx,5,0
1700000467,dave,session-d-01,COMMAND_EXEC,/bin/pwd,3,512
1700000480,bob,session-b-02,FILE_ACCESS,/etc/ssl/certs/server.crt,6,30720
1700000493,carlos,session-c-02,LOGIN,/usr/bin/sshd,5,0
1700000506,bob,session-b-02,DATA_TRANSFER,198.51.100.22,8,51200
1700000519,dave,session-d-01,PERMISSION_DENIED,/etc/shadow,9,0
1700000532,carlos,session-c-02,COMMAND_EXEC,/bin/netstat,7,8192
1700000545,bob,session-b-02,LOGOUT,/usr/bin/sshd,5,0
1700000558,alice,session-a-03,LOGIN,/usr/bin/sshd,5,0
1700000571,dave,session-d-01,FILE_ACCESS,/tmp/temp_data,4,20480
1700000584,carlos,session-c-02,FILE_ACCESS,/var/log/auth.log,6,25600
1700000597,alice,session-a-03,LOGOUT,/usr/bin/sshd,5,0
1700000610,grace,session-g-02,LOGIN,/usr/bin/sshd,5,0
1700000623,carlos,session-c-02,COMMAND_EXEC,/usr/bin/find,4,1024
1700000636,dave,session-d-01,DATA_TRANSFER,192.0.2.20,8,409600
1700000649,grace,session-g-02,LOGOUT,/usr/bin/sshd,5,0
1700000662,frank,session-f-02,LOGIN,/opt/app/auth-service,5,0
1700000675,carlos,session-c-02,LOGOUT,/opt/app/auth-service,5,0
1700000688,mallory,session-m-01,LOGOUT,/usr/bin/sshd,8,0
1700000701,dave,session-d-01,COMMAND_EXEC,/bin/history,4,4096
1700000714,frank,session-f-02,LOGOUT,/usr/bin/sshd,5,0
1700000727,bob,session-b-03,LOGIN,/usr/bin/sshd,5,0
1700000740,alice,session-a-04,LOGIN,/usr/bin/sshd,5,0
1700000753,bob,session-b-03,LOGOUT,/usr/bin/sshd,5,0
1700000766,dave,session-d-01,FILE_ACCESS,/etc/docker/daemon.json,7,921600
1700000779,alice,session-a-04,LOGOUT,/usr/bin/sshd,5,0
1700000792,carlos,session-c-03,LOGIN,/usr/bin/sshd,5,0
1700000805,grace,session-g-03,LOGIN,/usr/bin/sshd,5,0
1700000818,carlos,session-c-03,LOGOUT,/usr/bin/sshd,5,0
1700000831,frank,session-f-03,LOGIN,/usr/bin/sshd,5,0
1700000844,grace,session-g-03,LOGOUT,/usr/bin/sshd,5,0
1700000857,bob,session-b-04,LOGIN,/usr/bin/sshd,5,0
1700000870,frank,session-f-03,LOGOUT,/usr/sbin/lightdm,5,0
1700000883,bob,session-b-04,LOGOUT,/usr/bin/sshd,5,0
1700000896,alice,session-a-05,LOGIN,/usr/bin/nginx,5,0
1700000909,dave,session-d-01,DATA_TRANSFER,198.51.100.80,8,1228800
1700000922,carlos,session-c-04,LOGIN,/opt/app/auth-service,5,0
1700000935,alice,session-a-05,LOGOUT,/usr/sbin/apache2,5,0
1700000948,grace,session-g-04,LOGIN,/usr/bin/sshd,5,0
1700000961,carlos,session-c-04,LOGOUT,/usr/sbin/vsftpd,5,0
1700000974,grace,session-g-04,LOGOUT,/usr/bin/sshd,5,0
1700000987,eve,session-e-03,LOGIN,/usr/sbin/vsftpd,8,0
1700001000,bob,session-b-05,LOGIN,/usr/bin/sshd,5,0
1700001013,eve,session-e-03,FILE_ACCESS,/root/.ssh/id_rsa,10,2048
1700001026,bob,session-b-05,LOGOUT,/usr/bin/sshd,5,0
1700001039,frank,session-f-04,LOGIN,/usr/sbin/apache2,5,0
1700001052,eve,session-e-03,LOGOUT,/usr/sbin/vsftpd,8,0
1700001065,frank,session-f-04,LOGOUT,/usr/bin/sshd,5,0
1700001078,alice,session-a-06,LOGIN,/usr/bin/sshd,5,0
1700001091,carlos,session-c-05,LOGIN,/usr/bin/sshd,5,0
1700001104,alice,session-a-06,LOGOUT,/usr/bin/sshd,5,0
1700001117,carlos,session-c-05,LOGOUT,/usr/bin/sshd,5,0
1700001130,grace,session-g-05,LOGIN,/usr/bin/sshd,5,0
1700001143,bob,session-b-06,LOGIN,/usr/bin/nginx,5,0
1700001156,grace,session-g-05,LOGOUT,/usr/bin/sshd,5,0
1700001169,bob,session-b-06,LOGOUT,/usr/bin/sshd,5,0
1700001182,frank,session-f-05,LOGIN,/usr/bin/nginx,5,0
1700001195,frank,session-f-05,LOGOUT,/usr/bin/sshd,5,0
1700001208,alice,session-a-07,LOGIN,/usr/bin/sshd,5,0
1700001221,alice,session-a-07,LOGOUT,/usr/sbin/apache2,5,0
1700001234,dave,session-d-01,LOGOUT,/usr/bin/sshd,5,0
1700001247,oscar,session-o-01,LOGIN,/usr/sbin/lightdm,5,0
1700001260,oscar,session-o-01,COMMAND_EXEC,/bin/uname,3,1024
1700001273,peggy,session-p-01,LOGIN,/opt/app/auth-service,5,0
1700001286,oscar,session-o-01,LOGOUT,/usr/bin/sshd,5,0
1700001299,trent,session-t-01,LOGIN,/usr/sbin/apache2,5,0
1700001312,peggy,session-p-01,LOGOUT,/usr/bin/sshd,5,0
1700001325,victor,session-v-01,LOGIN,/usr/bin/sshd,5,0
1700001338,trent,session-t-01,LOGOUT,/usr/bin/telnetd,5,0
1700001351,walter,session-w-01,LOGIN,/usr/bin/telnetd,5,0
1700001364,victor,session-v-01,LOGOUT,/usr/bin/sshd,5,0
1700001377,walter,session-w-01,LOGOUT,/usr/bin/sshd,5,0
1700001390,alice,session-a-08,LOGIN,/usr/bin/sshd,5,0
1700001403,alice,session-a-08,LOGOUT,/usr/bin/sshd,5,0
1700001416,bob,session-b-07,LOGIN,/usr/bin/telnetd,5,0
1700001429,bob,session-b-07,LOGOUT,/usr/bin/sshd,5,0
1700001442,carlos,session-c-06,LOGIN,/usr/bin/sshd,5,0
1700001455,carlos,session-c-06,LOGOUT,/usr/bin/sshd,5,0
1700001468,dave,session-d-02,LOGIN,/usr/bin/telnetd,5,0
1700001481,dave,session-d-02,LOGOUT,/usr/bin/sshd,5,0
1700001494,eve,session-e-04,LOGIN,/usr/bin/sshd,5,0
1700001507,eve,session-e-04,LOGOUT,/usr/bin/sshd,5,0
1700001520,frank,session-f-06,LOGIN,/usr/bin/sshd,5,0
1700001533,frank,session-f-06,LOGOUT,/usr/bin/sshd,5,0
1700001546,grace,session-g-06,LOGIN,/usr/bin/sshd,5,0
1700001559,grace,session-g-06,LOGOUT,/usr/bin/sshd,5,0
1700001572,heidi,session-h-01,LOGIN,/opt/app/auth-service,5,0
1700001585,heidi,session-h-01,LOGOUT,/usr/bin/sshd,5,0
1700001598,ivan,session-i-01,LOGIN,/usr/sbin/lightdm,5,0
1700001611,ivan,session-i-01,LOGOUT,/usr/bin/sshd,5,0
1700001624,mallory,session-m-02,LOGIN,/usr/sbin/lightdm,5,0
1700001637,mallory,session-m-02,COMMAND_EXEC,/bin/nc,8,2048
1700001650,oscar,session-o-02,LOGIN,/usr/sbin/apache2,5,0
1700001663,oscar,session-o-02,LOGOUT,/usr/bin/sshd,5,0
1700001676,peggy,session-p-02,LOGIN,/usr/bin/sshd,5,0
1700001689,peggy,session-p-02,LOGOUT,/usr/bin/telnetd,5,0
1700001702,trent,session-t-02,LOGIN,/usr/bin/sshd,5,0
1700001715,trent,session-t-02,LOGOUT,/usr/bin/sshd,5,0
1700001728,victor,session-v-02,LOGIN,/usr/bin/sshd,5,0
1700001741,victor,session-v-02,LOGOUT,/usr/bin/sshd,5,0
1700001754,walter,session-w-02,LOGIN,/opt/app/auth-service,5,0
1700001767,walter,session-w-02,LOGOUT,/usr/bin/sshd,5,0
1700001780,alice,session-a-09,LOGIN,/usr/bin/sshd,5,0
1700001793,alice,session-a-09,LOGOUT,/usr/bin/sshd,5,0
1700001806,bob,session-b-08,LOGIN,/usr/bin/sshd,5,0
1700001819,bob,session-b-08,LOGOUT,/usr/bin/sshd,5,0
1700001832,carlos,session-c-07,LOGIN,/usr/bin/sshd,5,0
1700001845,carlos,session-c-07,LOGOUT,/usr/bin/sshd,5,0
1700001858,dave,session-d-03,LOGIN,/usr/bin/sshd,5,0
1700001871,dave,session-d-03,LOGOUT,/usr/bin/sshd,5,0
1700001884,eve,session-e-05,LOGIN,/usr/bin/nginx,5,0
1700001897,eve,session-e-05,LOGOUT,/usr/bin/sshd,5,0
1700001910,frank,session-f-07,LOGIN,/usr/bin/sshd,5,0
1700001923,frank,session-f-07,LOGOUT,/usr/bin/sshd,5,0
1700001936,grace,session-g-07,LOGIN,/usr/bin/sshd,5,0
1700001949,grace,session-g-07,LOGOUT,/usr/bin/sshd,5,0
1700001962,heidi,session-h-02,LOGIN,/usr/bin/sshd,5,0
1700001975,heidi,session-h-02,LOGOUT,/usr/bin/sshd,5,0
1700001988,ivan,session-i-02,LOGIN,/usr/sbin/apache2,5,0
1700002001,ivan,session-i-02,LOGOUT,/usr/bin/nginx,5,0
1700002014,mallory,session-m-02,FILE_ACCESS,/etc/shadow,10,2048
1700002027,oscar,session-o-03,LOGIN,/usr/bin/sshd,5,0
1700002040,oscar,session-o-03,LOGOUT,/usr/bin/sshd,5,0
1700002053,peggy,session-p-03,LOGIN,/usr/bin/sshd,5,0
1700002066,peggy,session-p-03,LOGOUT,/usr/sbin/vsftpd,5,0
1700002079,trent,session-t-03,LOGIN,/usr/bin/sshd,5,0
1700002092,trent,session-t-03,LOGOUT,/usr/bin/sshd,5,0
1700002105,victor,session-v-03,LOGIN,/usr/bin/sshd,5,0
1700002118,victor,session-v-03,LOGOUT,/usr/sbin/apache2,5,0
1700002131,walter,session-w-03,LOGIN,/usr/bin/sshd,5,0
1700002144,walter,session-w-03,LOGOUT,/usr/bin/sshd,5,0
1700002157,alice,session-a-10,LOGIN,/usr/bin/sshd,5,0
1700002170,alice,session-a-10,LOGOUT,/usr/bin/telnetd,5,0
1700002183,bob,session-b-09,LOGIN,/usr/bin/sshd,5,0
1700002196,bob,session-b-09,LOGOUT,/usr/bin/sshd,5,0
1700002209,carlos,session-c-08,LOGIN,/usr/bin/sshd,5,0
1700002222,carlos,session-c-08,LOGOUT,/usr/sbin/lightdm,5,0
1700002235,dave,session-d-04,LOGIN,/usr/bin/telnetd,5,0
1700002248,dave,session-d-04,LOGOUT,/usr/bin/sshd,5,0
1700002261,eve,session-e-06,LOGIN,/usr/bin/sshd,5,0
1700002274,eve,session-e-06,LOGOUT,/usr/bin/sshd,5,0
1700002287,frank,session-f-08,LOGIN,/usr/bin/sshd,5,0
1700002300,frank,session-f-08,LOGOUT,/usr/bin/sshd,5,0
1700002313,grace,session-g-08,LOGIN,/usr/bin/sshd,5,0
1700002326,grace,session-g-08,LOGOUT,/usr/sbin/vsftpd,5,0
1700002339,heidi,session-h-03,LOGIN,/usr/bin/sshd,5,0
1700002352,heidi,session-h-03,LOGOUT,/usr/bin/sshd,5,0
1700002365,ivan,session-i-03,LOGIN,/usr/sbin/apache2,5,0
1700002378,ivan,session-i-03,LOGOUT,/usr/bin/sshd,5,0
1700002391,mallory,session-m-02,DATA_TRANSFER,192.0.2.100,8,4096
1700002404,oscar,session-o-04,LOGIN,/usr/bin/sshd,5,0
1700002417,oscar,session-o-04,LOGOUT,/usr/bin/sshd,5,0
1700002430,peggy,session-p-04,LOGIN,/usr/bin/sshd,5,0
1700002443,peggy,session-p-04,LOGOUT,/usr/bin/sshd,5,0
1700002456,trent,session-t-04,LOGIN,/usr/bin/sshd,5,0
1700002469,trent,session-t-04,LOGOUT,/usr/bin/sshd,5,0
1700002482,victor,session-v-04,LOGIN,/usr/sbin/vsftpd,5,0
1700002495,victor,session-v-04,LOGOUT,/usr/bin/telnetd,5,0
1700002508,walter,session-w-04,LOGIN,/usr/bin/sshd,5,0
1700002521,walter,session-w-04,LOGOUT,/usr/bin/sshd,5,0
1700002534,alice,session-a-11,LOGIN,/usr/bin/nginx,5,0
1700002547,alice,session-a-11,LOGOUT,/usr/bin/sshd,5,0
1700002560,bob,session-b-10,LOGIN,/usr/bin/sshd,5,0
1700002573,bob,session-b-10,LOGOUT,/usr/bin/sshd,5,0
1700002586,carlos,session-c-09,LOGIN,/usr/bin/sshd,5,0
1700002599,carlos,session-c-09,LOGOUT,/usr/sbin/vsftpd,5,0
1700002612,dave,session-d-05,LOGIN,/usr/bin/sshd,5,0
1700002625,dave,session-d-05,LOGOUT,/usr/bin/sshd,5,0
1700002638,eve,session-e-07,LOGIN,/usr/bin/sshd,5,0
1700002651,eve,session-e-07,LOGOUT,/usr/bin/sshd,5,0
1700002664,frank,session-f-09,LOGIN,/usr/sbin/lightdm,5,0
1700002677,frank,session-f-09,LOGOUT,/usr/bin/nginx,5,0
1700002690,grace,session-g-09,LOGIN,/usr/bin/sshd,5,0
1700002703,grace,session-g-09,LOGOUT,/usr/bin/sshd,5,0
1700002716,heidi,session-h-04,LOGIN,/usr/bin/telnetd,5,0
1700002729,heidi,session-h-04,LOGOUT,/usr/bin/sshd,5,0
1700002742,ivan,session-i-04,LOGIN,/usr/bin/sshd,5,0
1700002755,ivan,session-i-04,LOGOUT,/usr/sbin/lightdm,5,0
1700002768,mallory,session-m-03,LOGIN,/usr/bin/sshd,5,0
1700002781,mallory,session-m-03,LOGOUT,/usr/sbin/apache2,5,0
1700002794,oscar,session-o-05,LOGIN,/usr/sbin/vsftpd,5,0
1700002807,oscar,session-o-05,LOGOUT,/usr/bin/sshd,5,0
1700002820,peggy,session-p-05,LOGIN,/usr/bin/sshd,5,0
1700002833,peggy,session-p-05,LOGOUT,/usr/bin/sshd,5,0
1700002846,trent,session-t-05,LOGIN,/usr/bin/sshd,5,0
1700002859,trent,session-t-05,LOGOUT,/usr/bin/sshd,5,0
1700002872,victor,session-v-05,LOGIN,/usr/bin/nginx,5,0
1700002885,victor,session-v-05,LOGOUT,/usr/bin/sshd,5,0
1700002898,walter,session-w-05,LOGIN,/opt/app/auth-service,5,0
1700002911,walter,session-w-05,LOGOUT,/usr/sbin/lightdm,5,0
1700002924,alice,session-a-12,LOGIN,/usr/bin/sshd,5,0
1700002937,alice,session-a-12,LOGOUT,/usr/bin/nginx,5,0
1700002950,bob,session-b-11,LOGIN,/usr/bin/sshd,5,0
1700002963,bob,session-b-11,LOGOUT,/usr/bin/sshd,5,0
1700002976,carlos,session-c-10,LOGIN,/usr/bin/sshd,5,0
1700002989,carlos,session-c-10,LOGOUT,/usr/bin/nginx,5,0
1700003002,dave,session-d-06,LOGIN,/usr/bin/sshd,5,0
1700003015,dave,session-d-06,LOGOUT,/usr/bin/telnetd,5,0
1700003028,eve,session-e-08,LOGIN,/usr/bin/sshd,5,0
1700003041,eve,session-e-08,LOGOUT,/usr/sbin/vsftpd,5,0
1700003054,frank,session-f-10,LOGIN,/usr/bin/sshd,5,0
1700003067,frank,session-f-10,LOGOUT,/usr/bin/telnetd,5,0
1700003080,grace,session-g-10,LOGIN,/usr/bin/sshd,5,0
1700003093,grace,session-g-10,LOGOUT,/usr/bin/sshd,5,0
1700003106,heidi,session-h-05,LOGIN,/usr/bin/sshd,5,0
1700003119,heidi,session-h-05,LOGOUT,/usr/bin/sshd,5,0
1700003132,ivan,session-i-05,LOGIN,/usr/bin/sshd,5,0
1700003145,ivan,session-i-05,LOGOUT,/usr/bin/sshd,5,0
1700003158,mallory,session-m-04,LOGIN,/usr/bin/sshd,5,0
1700003171,mallory,session-m-04,LOGOUT,/usr/bin/sshd,5,0
1700003184,oscar,session-o-06,LOGIN,/opt/app/auth-service,5,0
1700003197,oscar,session-o-06,LOGOUT,/usr/bin/sshd,5,0
1700003210,peggy,session-p-06,LOGIN,/usr/bin/nginx,5,0
1700003223,peggy,session-p-06,LOGOUT,/usr/bin/sshd,5,0
1700003236,trent,session-t-06,LOGIN,/usr/bin/sshd,5,0
1700003249,trent,session-t-06,LOGOUT,/usr/bin/sshd,5,0
1700003262,victor,session-v-06,LOGIN,/usr/bin/sshd,5,0
1700003275,victor,session-v-06,LOGOUT,/usr/sbin/lightdm,5,0
1700003288,walter,session-w-06,LOGIN,/usr/bin/sshd,5,0
1700003301,walter,session-w-06,LOGOUT,/usr/bin/sshd,5,0
1700003314,alice,session-a-13,LOGIN,/usr/sbin/lightdm,5,0
1700003327,alice,session-a-13,LOGOUT,/usr/bin/sshd,5,0
1700003340,bob,session-b-12,LOGIN,/usr/bin/sshd,5,0
1700003353,bob,session-b-12,LOGOUT,/usr/sbin/lightdm,5,0
1700003366,carlos,session-c-11,LOGIN,/usr/bin/sshd,5,0
1700003379,carlos,session-c-11,LOGOUT,/usr/bin/sshd,5,0
1700003392,dave,session-d-07,LOGIN,/usr/bin/sshd,5,0
1700003405,dave,session-d-07,LOGOUT,/usr/bin/sshd,5,0
1700003418,eve,session-e-09,LOGIN,/usr/bin/sshd,5,0
1700003431,eve,session-e-09,LOGOUT,/usr/bin/sshd,5,0
1700003444,frank,session-f-11,LOGIN,/usr/bin/sshd,5,0
1700003457,frank,session-f-11,LOGOUT,/usr/bin/sshd,5,0
1700003470,grace,session-g-11,LOGIN,/usr/bin/sshd,5,0
1700003483,grace,session-g-11,LOGOUT,/usr/sbin/lightdm,5,0
1700003496,heidi,session-h-06,LOGIN,/usr/sbin/apache2,5,0
1700003509,heidi,session-h-06,LOGOUT,/usr/sbin/vsftpd,5,0
1700003522,ivan,session-i-06,LOGIN,/usr/bin/nginx,5,0
1700003535,ivan,session-i-06,LOGOUT,/usr/bin/sshd,5,0
1700003548,mallory,session-m-05,LOGIN,/opt/app/auth-service,5,0
1700003561,mallory,session-m-05,LOGOUT,/usr/bin/sshd,5,0
1700003574,oscar,session-o-07,LOGIN,/usr/bin/sshd,5,0
1700003587,oscar,session-o-07,LOGOUT,/usr/bin/sshd,5,0
1700003600,peggy,session-p-07,LOGIN,/usr/bin/sshd,5,0
1700003613,peggy,session-p-07,LOGOUT,/usr/sbin/lightdm,5,0
1700003626,trent,session-t-07,LOGIN,/usr/bin/sshd,5,0
1700003639,trent,session-t-07,LOGOUT,/usr/bin/sshd,5,0
1700003652,victor,session-v-07,LOGIN,/usr/bin/sshd,5,0
1700003665,victor,session-v-07,LOGOUT,/usr/bin/sshd,5,0
1700003678,walter,session-w-07,LOGIN,/usr/bin/nginx,5,0
1700003691,walter,session-w-07,LOGOUT,/usr/bin/nginx,5,0
1700003704,alice,session-a-14,LOGIN,/usr/bin/sshd,5,0
1700003717,alice,session-a-14,LOGOUT,/usr/bin/sshd,5,0
1700003730,bob,session-b-13,LOGIN,/usr/bin/sshd,5,0
1700003743,bob,session-b-13,LOGOUT,/usr/bin/sshd,5,0
1700003756,carlos,session-c-12,LOGIN,/usr/sbin/apache2,5,0
1700003769,carlos,session-c-12,LOGOUT,/usr/bin/sshd,5,0
1700003782,dave,session-d-08,LOGIN,/usr/bin/sshd,5,0
1700003795,dave,session-d-08,LOGOUT,/usr/bin/sshd,5,0
1700003808,eve,session-e-10,LOGIN,/usr/sbin/lightdm,5,0
1700003821,eve,session-e-10,LOGOUT,/usr/bin/sshd,5,0
1700003834,frank,session-f-12,LOGIN,/usr/sbin/lightdm,5,0
1700003847,frank,session-f-12,LOGOUT,/usr/bin/sshd,5,0
1700003860,grace,session-g-12,LOGIN,/opt/app/auth-service,5,0
1700003873,grace,session-g-12,LOGOUT,/usr/bin/sshd,5,0
1700003886,heidi,session-h-07,LOGIN,/usr/bin/sshd,5,0
1700003899,heidi,session-h-07,LOGOUT,/usr/bin/sshd,5,0
1700003912,ivan,session-i-07,LOGIN,/usr/bin/sshd,5,0
1700003925,ivan,session-i-07,LOGOUT,/usr/bin/sshd,5,0
1700003938,mallory,session-m-06,LOGIN,/usr/sbin/vsftpd,5,0
1700003951,mallory,session-m-06,LOGOUT,/usr/bin/sshd,5,0
1700003964,oscar,session-o-08,LOGIN,/usr/bin/sshd,5,0
1700003977,oscar,session-o-08,LOGOUT,/usr/bin/sshd,5,0
1700003990,peggy,session-p-08,LOGIN,/usr/bin/telnetd,5,0
1700004003,peggy,session-p-08,LOGOUT,/usr/bin/telnetd,5,0
1700004016,trent,session-t-08,LOGIN,/usr/sbin/vsftpd,5,0
1700004029,trent,session-t-08,LOGOUT,/usr/bin/sshd,5,0
1700004042,victor,session-v-08,LOGIN,/usr/bin/sshd,5,0
1700004055,victor,session-v-08,LOGOUT,/usr/bin/sshd,5,0
1700004068,walter,session-w-08,LOGIN,/usr/bin/sshd,5,0
1700004081,walter,session-w-08,LOGOUT,/usr/bin/sshd,5,0
1700004094,alice,session-a-15,LOGIN,/usr/bin/sshd,5,0
1700004107,alice,session-a-15,LOGOUT,/usr/bin/sshd,5,0
1700004120,bob,session-b-14,LOGIN,/usr/bin/sshd,5,0
1700004133,bob,session-b-14,LOGOUT,/usr/bin/sshd,5,0
1700004146,carlos,session-c-13,LOGIN,/usr/bin/sshd,5,0
1700004159,carlos,session-c-13,LOGOUT,/usr/bin/sshd,5,0
1700004172,dave,session-d-09,LOGIN,/usr/bin/sshd,5,0
1700004185,dave,session-d-09,LOGOUT,/usr/bin/sshd,5,0
1700004198,eve,session-e-11,LOGIN,/usr/bin/sshd,5,0
1700004211,eve,session-e-11,LOGOUT,/usr/bin/sshd,5,0
1700004224,frank,session-f-13,LOGIN,/usr/bin/sshd,5,0
1700004237,frank,session-f-13,LOGOUT,/usr/bin/sshd,5,0
1700004250,grace,session-g-13,LOGIN,/usr/bin/sshd,5,0
1700004263,grace,session-g-13,LOGOUT,/usr/bin/sshd,5,0
1700004276,heidi,session-h-08,LOGIN,/usr/bin/sshd,5,0
1700004289,heidi,session-h-08,LOGOUT,/usr/bin/nginx,5,0
1700004302,ivan,session-i-08,LOGIN,/usr/bin/sshd,5,0
1700004315,ivan,session-i-08,LOGOUT,/usr/bin/sshd,5,0
1700004328,mallory,session-m-07,LOGIN,/usr/bin/sshd,5,0
1700004341,mallory,session-m-07,LOGOUT,/usr/bin/sshd,5,0
1700004354,oscar,session-o-09,LOGIN,/usr/sbin/apache2,5,0
1700004367,oscar,session-o-09,LOGOUT,/usr/bin/sshd,5,0
1700004380,peggy,session-p-09,LOGIN,/usr/bin/sshd,5,0
1700004393,peggy,session-p-09,LOGOUT,/usr/sbin/lightdm,5,0
1700004406,trent,session-t-09,LOGIN,/usr/bin/sshd,5,0
1700004419,trent,session-t-09,LOGOUT,/usr/bin/sshd,5,0
1700004432,victor,session-v-09,LOGIN,/usr/bin/telnetd,5,0
1700004445,victor,session-v-09,LOGOUT,/usr/bin/sshd,5,0
1700004458,walter,session-w-09,LOGIN,/usr/bin/sshd,5,0
1700004471,walter,session-w-09,LOGOUT,/usr/bin/telnetd,5,0
1700004484,alice,session-a-16,LOGIN,/usr/bin/sshd,5,0
1700004497,alice,session-a-16,LOGOUT,/usr/bin/sshd,5,0
1700004510,bob,session-b-15,LOGIN,/usr/bin/sshd,5,0
1700004523,bob,session-b-15,LOGOUT,/usr/bin/sshd,5,0
1700004536,carlos,session-c-14,LOGIN,/opt/app/auth-service,5,0
1700004549,carlos,session-c-14,LOGOUT,/usr/bin/sshd,5,0
1700004562,dave,session-d-10,LOGIN,/usr/bin/sshd,5,0
1700004575,dave,session-d-10,LOGOUT,/usr/bin/sshd,5,0
1700004588,eve,session-e-12,LOGIN,/usr/bin/sshd,5,0
1700004601,eve,session-e-12,LOGOUT,/usr/bin/sshd,5,0
1700004614,frank,session-f-14,LOGIN,/usr/bin/sshd,5,0
1700004627,frank,session-f-14,LOGOUT,/usr/bin/sshd,5,0
1700004640,grace,session-g-14,LOGIN,/usr/bin/sshd,5,0
1700004653,grace,session-g-14,LOGOUT,/usr/bin/sshd,5,0
1700004666,heidi,session-h-09,LOGIN,/usr/sbin/apache2,5,0
1700004679,heidi,session-h-09,LOGOUT,/usr/bin/sshd,5,0
1700004692,ivan,session-i-09,LOGIN,/usr/bin/sshd,5,0
1700004705,ivan,session-i-09,LOGOUT,/usr/sbin/apache2,5,0
1700004718,mallory,session-m-08,LOGIN,/usr/bin/sshd,5,0
1700004731,mallory,session-m-08,LOGOUT,/usr/bin/sshd,5,0
1700004744,oscar,session-o-10,LOGIN,/usr/bin/sshd,5,0
1700004757,oscar,session-o-10,LOGOUT,/usr/bin/sshd,5,0
1700004770,peggy,session-p-10,LOGIN,/usr/sbin/lightdm,5,0
1700004783,peggy,session-p-10,LOGOUT,/usr/bin/sshd,5,0
1700004796,trent,session-t-10,LOGIN,/usr/bin/sshd,5,0
1700004809,trent,session-t-10,LOGOUT,/opt/app/auth-service,5,0
1700004822,victor,session-v-10,LOGIN,/opt/app/auth-service,5,0
1700004835,victor,session-v-10,LOGOUT,/usr/bin/sshd,5,0
1700004848,walter,session-w-10,LOGIN,/usr/bin/sshd,5,0
1700004861,walter,session-w-10,LOGOUT,/usr/bin/sshd,5,0
1700004874,alice,session-a-17,LOGIN,/usr/bin/nginx,5,0
1700004887,alice,session-a-17,LOGOUT,/usr/bin/sshd,5,0
1700004900,bob,session-b-16,LOGIN,/usr/bin/sshd,5,0
1700004913,bob,session-b-16,LOGOUT,/usr/bin/sshd,5,0
1700004926,carlos,session-c-15,LOGIN,/usr/bin/sshd,5,0
1700004939,carlos,session-c-15,LOGOUT,/usr/bin/sshd,5,0
1700004952,dave,session-d-11,LOGIN,/usr/bin/sshd,5,0
1700004965,dave,session-d-11,LOGOUT,/usr/bin/sshd,5,0
1700004978,eve,session-e-13,LOGIN,/usr/bin/sshd,5,0
1700004991,eve,session-e-13,LOGOUT,/usr/bin/sshd,5,0
1700005004,frank,session-f-15,LOGIN,/usr/sbin/lightdm,5,0
1700005017,frank,session-f-15,LOGOUT,/usr/bin/sshd,5,0
1700005030,grace,session-g-15,LOGIN,/usr/bin/sshd,5,0
1700005043,grace,session-g-15,LOGOUT,/usr/bin/sshd,5,0
1700005056,heidi,session-h-10,LOGIN,/usr/bin/sshd,5,0
1700005069,heidi,session-h-10,LOGOUT,/usr/bin/sshd,5,0
1700005082,ivan,session-i-10,LOGIN,/usr/bin/sshd,5,0
1700005095,ivan,session-i-10,LOGOUT,/usr/bin/sshd,5,0
1700005108,mallory,session-m-09,LOGIN,/usr/bin/sshd,5,0
1700005121,mallory,session-m-09,LOGOUT,/usr/bin/sshd,5,0
1700005134,oscar,session-o-11,LOGIN,/opt/app/auth-service,5,0
1700005147,oscar,session-o-11,LOGOUT,/usr/bin/sshd,5,0
1700005160,peggy,session-p-11,LOGIN,/usr/bin/sshd,5,0
1700005173,peggy,session-p-11,LOGOUT,/usr/bin/sshd,5,0
1700005186,trent,session-t-11,LOGIN,/usr/bin/nginx,5,0
1700005200,trent,session-t-11,LOGOUT,/usr/bin/sshd,5,0
1700005213,victor,session-v-11,LOGIN,/opt/app/auth-service,5,0
1700005226,victor,session-v-11,LOGOUT,/usr/sbin/lightdm,5,0
1700005239,walter,session-w-11,LOGIN,/usr/bin/sshd,5,0
1700005252,walter,session-w-11,LOGOUT,/usr/bin/sshd,5,0
1700005265,alice,session-a-18,LOGIN,/usr/bin/sshd,5,0
1700005278,alice,session-a-18,LOGOUT,/usr/bin/sshd,5,0
1700005291,bob,session-b-17,LOGIN,/usr/bin/nginx,5,0
1700005304,bob,session-b-17,LOGOUT,/usr/bin/sshd,5,0
1700005317,carlos,session-c-16,LOGIN,/usr/sbin/apache2,5,0
1700005330,carlos,session-c-16,LOGOUT,/usr/sbin/lightdm,5,0
1700005343,dave,session-d-12,LOGIN,/usr/bin/sshd,5,0
1700005356,dave,session-d-12,LOGOUT,/usr/bin/sshd,5,0
1700005369,eve,session-e-14,LOGIN,/usr/bin/sshd,5,0
1700005382,eve,session-e-14,LOGOUT,/usr/bin/telnetd,5,0
1700005395,frank,session-f-16,LOGIN,/usr/bin/sshd,5,0
1700005408,frank,session-f-16,LOGOUT,/usr/bin/sshd,5,0
1700005421,grace,session-g-16,LOGIN,/usr/sbin/lightdm,5,0
1700005434,grace,session-g-16,LOGOUT,/usr/bin/sshd,5,0
1700005447,heidi,session-h-11,LOGIN,/usr/sbin/vsftpd,5,0
1700005460,heidi,session-h-11,LOGOUT,/usr/bin/sshd,5,0
1700005473,ivan,session-i-11,LOGIN,/usr/bin/sshd,5,0
1700005486,ivan,session-i-11,LOGOUT,/usr/bin/nginx,5,0
1700005499,mallory,session-m-10,LOGIN,/usr/bin/sshd,5,0
1700005512,mallory,session-m-10,LOGOUT,/usr/bin/sshd,5,0
1700005525,oscar,session-o-12,LOGIN,/usr/bin/nginx,5,0
1700005538,oscar,session-o-12,LOGOUT,/usr/bin/telnetd,5,0
1700005551,peggy,session-p-12,LOGIN,/usr/sbin/apache2,5,0
1700005564,peggy,session-p-12,LOGOUT,/usr/bin/sshd,5,0
1700005577,trent,session-t-12,LOGIN,/usr/bin/sshd,5,0
1700005590,trent,session-t-12,LOGOUT,/usr/bin/sshd,5,0
1700005603,victor,session-v-12,LOGIN,/opt/app/auth-service,5,0
1700005616,victor,session-v-12,LOGOUT,/usr/bin/sshd,5,0
1700005629,walter,session-w-12,LOGIN,/usr/bin/sshd,5,0
1700005642,walter,session-w-12,LOGOUT,/usr/bin/sshd,5,0
1700005655,alice,session-a-19,LOGIN,/usr/bin/sshd,5,0
1700005668,alice,session-a-19,LOGOUT,/usr/bin/sshd,5,0
1700005681,bob,session-b-18,LOGIN,/usr/bin/telnetd,5,0
1700005694,bob,session-b-18,LOGOUT,/usr/bin/sshd,5,0
1700005707,carlos,session-c-17,LOGIN,/usr/bin/sshd,5,0
1700005720,carlos,session-c-17,LOGOUT,/usr/bin/sshd,5,0
1700005733,dave,session-d-13,LOGIN,/usr/bin/sshd,5,0
1700005746,dave,session-d-13,LOGOUT,/usr/bin/nginx,5,0
1700005759,eve,session-e-15,LOGIN,/usr/bin/sshd,5,0
1700005772,eve,session-e-15,LOGOUT,/usr/bin/sshd,5,0
1700005785,frank,session-f-17,LOGIN,/usr/sbin/apache2,5,0
1700005798,frank,session-f-17,LOGOUT,/usr/bin/telnetd,5,0
1700005811,grace,session-g-17,LOGIN,/usr/bin/sshd,5,0
1700005824,grace,session-g-17,LOGOUT,/usr/bin/sshd,5,0
1700005837,heidi,session-h-12,LOGIN,/usr/bin/sshd,5,0
1700005850,heidi,session-h-12,LOGOUT,/usr/sbin/lightdm,5,0
1700005863,ivan,session-i-12,LOGIN,/usr/bin/sshd,5,0
1700005876,ivan,session-i-12,LOGOUT,/usr/bin/sshd,5,0
1700005889,mallory,session-m-11,LOGIN,/opt/app/auth-service,5,0
1700005902,mallory,session-m-11,LOGOUT,/usr/bin/nginx,5,0
1700005915,oscar,session-o-13,LOGIN,/usr/sbin/apache2,5,0
1700005928,oscar,session-o-13,LOGOUT,/usr/bin/sshd,5,0
1700005941,peggy,session-p-13,LOGIN,/usr/sbin/apache2,5,0
1700005954,peggy,session-p-13,LOGOUT,/usr/bin/sshd,5,0
1700005967,trent,session-t-13,LOGIN,/usr/bin/sshd,5,0
1700005980,trent,session-t-13,LOGOUT,/usr/bin/nginx,5,0
1700005993,victor,session-v-13,LOGIN,/usr/bin/sshd,5,0
1700006006,victor,session-v-13,LOGOUT,/usr/bin/sshd,5,0
1700006019,walter,session-w-13,LOGIN,/usr/sbin/lightdm,5,0
1700006032,walter,session-w-13,LOGOUT,/usr/bin/sshd,5,0
1700006045,alice,session-a-20,LOGIN,/usr/bin/sshd,5,0
1700006058,alice,session-a-20,LOGOUT,/usr/bin/telnetd,5,0
1700006071,bob,session-b-19,LOGIN,/usr/bin/sshd,5,0
1700006084,bob,session-b-19,LOGOUT,/usr/bin/sshd,5,0
1700006097,carlos,session-c-18,LOGIN,/usr/bin/telnetd,5,0
1700006110,carlos,session-c-18,LOGOUT,/usr/bin/sshd,5,0
1700006123,dave,session-d-14,LOGIN,/usr/bin/sshd,5,0
1700006136,dave,session-d-14,LOGOUT,/usr/sbin/apache2,5,0
1700006149,eve,session-e-16,LOGIN,/usr/bin/sshd,5,0
1700006162,eve,session-e-16,LOGOUT,/usr/bin/telnetd,5,0
1700006175,frank,session-f-18,LOGIN,/usr/bin/sshd,5,0
1700006188,frank,session-f-18,LOGOUT,/usr/bin/sshd,5,0
1700006201,grace,session-g-18,LOGIN,/usr/sbin/apache2,5,0
1700006214,grace,session-g-18,LOGOUT,/usr/sbin/vsftpd,5,0
1700006227,heidi,session-h-13,LOGIN,/usr/sbin/lightdm,5,0
1700006240,heidi,session-h-13,LOGOUT,/usr/bin/sshd,5,0
1700006253,ivan,session-i-13,LOGIN,/usr/bin/sshd,5,0
1700006266,ivan,session-i-13,LOGOUT,/usr/bin/sshd,5,0
1700006279,mallory,session-m-12,LOGIN,/usr/bin/sshd,5,0
1700006292,mallory,session-m-12,LOGOUT,/usr/bin/sshd,5,0
1700006305,oscar,session-o-14,LOGIN,/usr/bin/telnetd,5,0
1700006318,oscar,session-o-14,LOGOUT,/usr/bin/sshd,5,0
1700006331,peggy,session-p-14,LOGIN,/usr/bin/sshd,5,0
1700006344,peggy,session-p-14,LOGOUT,/usr/bin/sshd,5,0
1700006357,trent,session-t-14,LOGIN,/usr/bin/sshd,5,0
1700006370,trent,session-t-14,LOGOUT,/usr/bin/sshd,5,0
1700006383,victor,session-v-14,LOGIN,/usr/bin/sshd,5,0
1700006396,victor,session-v-14,LOGOUT,/usr/bin/sshd,5,0
1700006409,walter,session-w-14,LOGIN,/usr/bin/sshd,5,0
1700006422,walter,session-w-14,LOGOUT,/usr/bin/sshd,5,0
1700006435,alice,session-a-21,LOGIN,/usr/bin/sshd,5,0
1700006448,alice,session-a-21,LOGOUT,/usr/sbin/vsftpd,5,0
1700006461,bob,session-b-20,LOGIN,/usr/bin/sshd,5,0
1700006474,bob,session-b-20,LOGOUT,/usr/bin/sshd,5,0
1700006487,carlos,session-c-19,LOGIN,/usr/bin/sshd,5,0
1700006500,carlos,session-c-19,LOGOUT,/usr/bin/sshd,5,0
1700006513,dave,session-d-15,LOGIN,/usr/bin/sshd,5,0
1700006526,dave,session-d-15,LOGOUT,/usr/sbin/vsftpd,5,0
1700006539,eve,session-e-17,LOGIN,/usr/bin/sshd,5,0
1700006552,eve,session-e-17,LOGOUT,/usr/bin/sshd,5,0
1700006565,frank,session-f-19,LOGIN,/usr/bin/sshd,5,0
1700006578,frank,session-f-19,LOGOUT,/usr/bin/sshd,5,0
1700006591,grace,session-g-19,LOGIN,/usr/bin/nginx,5,0
1700006604,grace,session-g-19,LOGOUT,/usr/bin/sshd,5,0
1700006617,heidi,session-h-14,LOGIN,/usr/bin/sshd,5,0
1700006630,heidi,session-h-14,LOGOUT,/usr/bin/sshd,5,0
1700006643,ivan,session-i-14,LOGIN,/usr/sbin/vsftpd,5,0
1700006656,ivan,session-i-14,LOGOUT,/usr/bin/sshd,5,0
1700006669,mallory,session-m-13,LOGIN,/usr/bin/sshd,5,0
1700006682,mallory,session-m-13,LOGOUT,/usr/bin/sshd,5,0
1700006695,oscar,session-o-15,LOGIN,/usr/bin/sshd,5,0
1700006708,oscar,session-o-15,LOGOUT,/usr/sbin/apache2,5,0
1700006721,peggy,session-p-15,LOGIN,/usr/sbin/lightdm,5,0
1700006734,peggy,session-p-15,LOGOUT,/usr/bin/telnetd,5,0
1700006747,trent,session-t-15,LOGIN,/usr/bin/sshd,5,0
1700006760,trent,session-t-15,LOGOUT,/usr/bin/sshd,5,0
1700006773,victor,session-v-15,LOGIN,/usr/bin/sshd,5,0
1700006786,victor,session-v-15,LOGOUT,/usr/sbin/lightdm,5,0
1700006799,walter,session-w-15,LOGIN,/usr/bin/sshd,5,0
1700006812,walter,session-w-15,LOGOUT,/usr/bin/sshd,5,0
1700006825,alice,session-a-22,LOGIN,/usr/bin/nginx,5,0
1700006838,alice,session-a-22,LOGOUT,/usr/bin/sshd,5,0
1700006851,bob,session-b-21,LOGIN,/usr/bin/sshd,5,0
1700006864,bob,session-b-21,LOGOUT,/usr/bin/sshd,5,0
1700006877,carlos,session-c-20,LOGIN,/usr/bin/sshd,5,0
1700006890,carlos,session-c-20,LOGOUT,/usr/bin/nginx,5,0
1700006903,dave,session-d-16,LOGIN,/usr/bin/sshd,5,0
1700006916,dave,session-d-16,LOGOUT,/usr/bin/sshd,5,0
1700006929,eve,session-e-18,LOGIN,/usr/bin/sshd,5,0
1700006942,eve,session-e-18,LOGOUT,/usr/sbin/apache2,5,0
1700006955,frank,session-f-20,LOGIN,/usr/bin/sshd,5,0
1700006968,frank,session-f-20,LOGOUT,/usr/sbin/vsftpd,5,0
1700006981,grace,session-g-20,LOGIN,/usr/sbin/vsftpd,5,0
1700006994,grace,session-g-20,LOGOUT,/usr/bin/sshd,5,0
1700007007,heidi,session-h-15,LOGIN,/usr/bin/sshd,5,0
1700007020,heidi,session-h-15,LOGOUT,/usr/sbin/vsftpd,5,0
1700007033,ivan,session-i-15,LOGIN,/usr/bin/sshd,5,0
1700007046,ivan,session-i-15,LOGOUT,/usr/sbin/apache2,5,0
1700007059,mallory,session-m-14,LOGIN,/usr/sbin/lightdm,5,0
1700007072,mallory,session-m-14,LOGOUT,/usr/sbin/vsftpd,5,0
1700007085,oscar,session-o-16,LOGIN,/usr/bin/nginx,5,0
1700007098,oscar,session-o-16,LOGOUT,/usr/bin/sshd,5,0
1700007111,peggy,session-p-16,LOGIN,/opt/app/auth-service,5,0
1700007124,peggy,session-p-16,LOGOUT,/usr/bin/sshd,5,0
1700007137,trent,session-t-16,LOGIN,/usr/bin/sshd,5,0
1700007150,trent,session-t-16,LOGOUT,/usr/bin/nginx,5,0
1700007163,victor,session-v-16,LOGIN,/usr/bin/sshd,5,0
1700007176,victor,session-v-16,LOGOUT,/opt/app/auth-service,5,0
1700007189,walter,session-w-16,LOGIN,/usr/bin/nginx,5,0
1700007202,walter,session-w-16,LOGOUT,/usr/bin/nginx,5,0
1700007215,alice,session-a-23,LOGIN,/usr/bin/nginx,5,0
1700007228,alice,session-a-23,LOGOUT,/usr/bin/sshd,5,0
1700007241,bob,session-b-22,LOGIN,/usr/bin/sshd,5,0
1700007254,bob,session-b-22,LOGOUT,/usr/bin/sshd,5,0
1700007267,carlos,session-c-21,LOGIN,/usr/bin/sshd,5,0
1700007280,carlos,session-c-21,LOGOUT,/usr/bin/sshd,5,0
1700007293,dave,session-d-17,LOGIN,/usr/bin/sshd,5,0
1700007306,dave,session-d-17,LOGOUT,/usr/bin/sshd,5,0
1700007319,eve,session-e-19,LOGIN,/usr/bin/sshd,5,0
1700007332,eve,session-e-19,LOGOUT,/usr/bin/sshd,5,0
1700007345,frank,session-f-21,LOGIN,/usr/sbin/apache2,5,0
1700007358,frank,session-f-21,LOGOUT,/usr/bin/sshd,5,0
1700007371,grace,session-g-21,LOGIN,/opt/app/auth-service,5,0
1700007384,grace,session-g-21,LOGOUT,/usr/bin/sshd,5,0
1700007397,heidi,session-h-16,LOGIN,/usr/sbin/vsftpd,5,0
1700007410,heidi,session-h-16,LOGOUT,/usr/bin/sshd,5,0
1700007423,ivan,session-i-16,LOGIN,/usr/bin/sshd,5,0
1700007436,ivan,session-i-16,LOGOUT,/usr/bin/sshd,5,0
1700007449,mallory,session-m-15,LOGIN,/usr/bin/sshd,5,0
1700007462,mallory,session-m-15,LOGOUT,/usr/bin/sshd,5,0
1700007475,oscar,session-o-17,LOGIN,/usr/bin/sshd,5,0
1700007488,oscar,session-o-17,LOGOUT,/usr/bin/sshd,5,0
1700007501,peggy,session-p-17,LOGIN,/usr/bin/sshd,5,0
1700007514,peggy,session-p-17,LOGOUT,/usr/bin/nginx,5,0
1700007527,trent,session-t-17,LOGIN,/usr/bin/sshd,5,0
1700007540,trent,session-t-17,LOGOUT,/usr/bin/sshd,5,0
1700007553,victor,session-v-17,LOGIN,/usr/bin/sshd,5,0
1700007566,victor,session-v-17,LOGOUT,/usr/bin/sshd,5,0
1700007579,walter,session-w-17,LOGIN,/usr/bin/nginx,5,0
1700007592,walter,session-w-17,LOGOUT,/usr/bin/sshd,5,0
1700007605,alice,session-a-24,LOGIN,/usr/bin/sshd,5,0
1700007618,alice,session-a-24,LOGOUT,/usr/bin/sshd,5,0
1700007631,bob,session-b-23,LOGIN,/usr/bin/telnetd,5,0
1700007644,bob,session-b-23,LOGOUT,/usr/bin/sshd,5,0
1700007657,carlos,session-c-22,LOGIN,/usr/bin/telnetd,5,0
1700007670,carlos,session-c-22,LOGOUT,/usr/sbin/vsftpd,5,0
1700007683,dave,session-d-18,LOGIN,/usr/sbin/lightdm,5,0
1700007696,dave,session-d-18,LOGOUT,/usr/bin/telnetd,5,0
1700007709,eve,session-e-20,LOGIN,/usr/bin/sshd,5,0
1700007722,eve,session-e-20,LOGOUT,/usr/bin/sshd,5,0
1700007735,frank,session-f-22,LOGIN,/opt/app/auth-service,5,0
1700007748,frank,session-f-22,LOGOUT,/usr/bin/sshd,5,0
1700007761,grace,session-g-22,LOGIN,/usr/sbin/vsftpd,5,0
1700007774,grace,session-g-22,LOGOUT,/usr/bin/sshd,5,0
1700007787,heidi,session-h-17,LOGIN,/usr/bin/nginx,5,0
1700007800,heidi,session-h-17,LOGOUT,/usr/bin/sshd,5,0
1700007813,ivan,session-i-17,LOGIN,/usr/bin/sshd,5,0
1700007826,ivan,session-i-17,LOGOUT,/usr/bin/nginx,5,0
1700007839,mallory,session-m-16,LOGIN,/usr/bin/sshd,5,0
1700007852,mallory,session-m-16,LOGOUT,/usr/bin/sshd,5,0
1700007865,oscar,session-o-18,LOGIN,/usr/bin/sshd,5,0
1700007878,oscar,session-o-18,LOGOUT,/usr/bin/sshd,5,0
1700007891,peggy,session-p-18,LOGIN,/usr/bin/sshd,5,0
1700007904,peggy,session-p-18,LOGOUT,/usr/bin/sshd,5,0
1700007917,trent,session-t-18,LOGIN,/usr/bin/sshd,5,0
1700007930,trent,session-t-18,LOGOUT,/usr/bin/sshd,5,0
1700007943,victor,session-v-18,LOGIN,/usr/bin/sshd,5,0
1700007956,victor,session-v-18,LOGOUT,/usr/bin/sshd,5,0
1700007969,walter,session-w-18,LOGIN,/usr/sbin/lightdm,5,0
1700007982,walter,session-w-18,LOGOUT,/usr/bin/sshd,5,0
1700007995,alice,session-a-25,LOGIN,/usr/bin/sshd,5,0
1700008008,alice,session-a-25,LOGOUT,/usr/sbin/vsftpd,5,0
1700008021,bob,session-b-24,LOGIN,/usr/bin/sshd,5,0
1700008034,bob,session-b-24,LOGOUT,/usr/sbin/apache2,5,0
1700008047,carlos,session-c-23,LOGIN,/usr/bin/sshd,5,0
1700008060,carlos,session-c-23,LOGOUT,/usr/bin/sshd,5,0
1700008073,dave,session-d-19,LOGIN,/usr/bin/sshd,5,0
1700008086,dave,session-d-19,LOGOUT,/usr/bin/nginx,5,0
1700008099,eve,session-e-21,LOGIN,/usr/bin/sshd,5,0
1700008112,eve,session-e-21,LOGOUT,/usr/bin/sshd,5,0
1700008125,frank,session-f-23,LOGIN,/usr/bin/sshd,5,0
1700008138,frank,session-f-23,LOGOUT,/opt/app/auth-service,5,0
1700008151,grace,session-g-23,LOGIN,/opt/app/auth-service,5,0
1700008164,grace,session-g-23,LOGOUT,/usr/bin/sshd,5,0
1700008177,heidi,session-h-18,LOGIN,/usr/bin/sshd,5,0
1700008190,heidi,session-h-18,LOGOUT,/usr/bin/sshd,5,0
1700008203,ivan,session-i-18,LOGIN,/usr/sbin/apache2,5,0
1700008216,ivan,session-i-18,LOGOUT,/opt/app/auth-service,5,0
1700008229,mallory,session-m-17,LOGIN,/usr/bin/nginx,5,0
1700008242,mallory,session-m-17,LOGOUT,/usr/bin/sshd,5,0
1700008255,oscar,session-o-19,LOGIN,/usr/bin/sshd,5,0
1700008268,oscar,session-o-19,LOGOUT,/usr/bin/sshd,5,0
1700008281,peggy,session-p-19,LOGIN,/usr/sbin/vsftpd,5,0
1700008294,peggy,session-p-19,LOGOUT,/usr/bin/sshd,5,0
1700008307,trent,session-t-19,LOGIN,/usr/bin/sshd,5,0
1700008320,trent,session-t-19,LOGOUT,/usr/bin/sshd,5,0
1700008333,victor,session-v-19,LOGIN,/opt/app/auth-service,5,0
1700008346,victor,session-v-19,LOGOUT,/usr/sbin/vsftpd,5,0
1700008359,walter,session-w-19,LOGIN,/usr/sbin/lightdm,5,0
1700008372,walter,session-w-19,LOGOUT,/usr/bin/sshd,5,0
1700008385,alice,session-a-26,LOGIN,/usr/bin/sshd,5,0
1700008398,alice,session-a-26,LOGOUT,/usr/bin/nginx,5,0
1700008411,bob,session-b-25,LOGIN,/usr/sbin/lightdm,5,0
1700008424,bob,session-b-25,LOGOUT,/usr/bin/sshd,5,0
1700008437,carlos,session-c-24,LOGIN,/usr/bin/sshd,5,0
1700008450,carlos,session-c-24,LOGOUT,/usr/bin/sshd,5,0
1700008463,dave,session-d-20,LOGIN,/usr/bin/sshd,5,0
1700008476,dave,session-d-20,LOGOUT,/usr/bin/sshd,5,0
1700008489,eve,session-e-22,LOGIN,/usr/bin/sshd,5,0
1700008502,eve,session-e-22,LOGOUT,/usr/bin/sshd,5,0
1700008515,frank,session-f-24,LOGIN,/usr/bin/sshd,5,0
1700008528,frank,session-f-24,LOGOUT,/usr/bin/sshd,5,0
1700008541,grace,session-g-24,LOGIN,/usr/bin/sshd,5,0
1700008554,grace,session-g-24,LOGOUT,/opt/app/auth-service,5,0
1700008567,heidi,session-h-19,LOGIN,/usr/bin/sshd,5,0
1700008580,heidi,session-h-19,LOGOUT,/opt/app/auth-service,5,0
1700008593,ivan,session-i-19,LOGIN,/usr/bin/sshd,5,0
1700008606,ivan,session-i-19,LOGOUT,/usr/bin/sshd,5,0
1700008619,mallory,session-m-18,LOGIN,/usr/bin/sshd,5,0
1700008632,mallory,session-m-18,LOGOUT,/usr/bin/sshd,5,0
1700008645,oscar,session-o-20,LOGIN,/usr/bin/nginx,5,0
1700008658,oscar,session-o-20,LOGOUT,/usr/bin/sshd,5,0
1700008671,peggy,session-p-20,LOGIN,/usr/bin/sshd,5,0
1700008684,peggy,session-p-20,LOGOUT,/usr/bin/sshd,5,0
1700008697,trent,session-t-20,LOGIN,/usr/bin/sshd,5,0
1700008710,trent,session-t-20,LOGOUT,/usr/bin/sshd,5,0
1700008723,victor,session-v-20,LOGIN,/usr/bin/sshd,5,0
1700008736,victor,session-v-20,LOGOUT,/usr/bin/sshd,5,0
1700008749,walter,session-w-20,LOGIN,/usr/bin/sshd,5,0
1700008762,walter,session-w-20,LOGOUT,/usr/sbin/vsftpd,5,0
1700008775,alice,session-a-27,LOGIN,/usr/sbin/vsftpd,5,0
1700008788,alice,session-a-27,LOGOUT,/usr/bin/nginx,5,0
1700008801,bob,session-b-26,LOGIN,/usr/bin/sshd,5,0
1700008814,bob,session-b-26,LOGOUT,/usr/bin/sshd,5,0
1700008827,carlos,session-c-25,LOGIN,/usr/bin/sshd,5,0
1700008840,carlos,session-c-25,LOGOUT,/usr/bin/sshd,5,0
1700008853,dave,session-d-21,LOGIN,/usr/bin/sshd,5,0
1700008866,dave,session-d-21,LOGOUT,/usr/bin/nginx,5,0
1700008879,eve,session-e-23,LOGIN,/usr/bin/nginx,5,0
1700008892,eve,session-e-23,LOGOUT,/usr/bin/sshd,5,0
1700008905,frank,session-f-25,LOGIN,/usr/bin/sshd,5,0
1700008918,frank,session-f-25,LOGOUT,/usr/sbin/apache2,5,0
1700008931,grace,session-g-25,LOGIN,/usr/sbin/vsftpd,5,0
1700008944,grace,session-g-25,LOGOUT,/usr/sbin/lightdm,5,0
1700008957,heidi,session-h-20,LOGIN,/usr/bin/telnetd,5,0
1700008970,heidi,session-h-20,LOGOUT,/usr/bin/sshd,5,0
1700008983,ivan,session-i-20,LOGIN,/usr/bin/telnetd,5,0
1700008996,ivan,session-i-20,LOGOUT,/usr/bin/nginx,5,0
1700009009,mallory,session-m-19,LOGIN,/usr/sbin/apache2,5,0
1700009022,mallory,session-m-19,LOGOUT,/usr/bin/sshd,5,0
1700009035,oscar,session-o-21,LOGIN,/usr/bin/sshd,5,0
1700009048,oscar,session-o-21,LOGOUT,/usr/bin/sshd,5,0
1700009061,peggy,session-p-21,LOGIN,/usr/bin/sshd,5,0
1700009074,peggy,session-p-21,LOGOUT,/usr/bin/sshd,5,0
1700009087,trent,session-t-21,LOGIN,/usr/bin/sshd,5,0
1700009100,trent,session-t-21,LOGOUT,/usr/bin/nginx,5,0
1700009113,victor,session-v-21,LOGIN,/usr/bin/sshd,5,0
1700009126,victor,session-v-21,LOGOUT,/usr/bin/sshd,5,0
1700009139,walter,session-w-21,LOGIN,/usr/bin/sshd,5,0
1700009152,walter,session-w-21,LOGOUT,/usr/sbin/vsftpd,5,0
1700009165,alice,session-a-28,LOGIN,/usr/bin/sshd,5,0
1700009178,alice,session-a-28,LOGOUT,/usr/bin/sshd,5,0
1700009191,bob,session-b-27,LOGIN,/usr/bin/sshd,5,0
1700009204,bob,session-b-27,LOGOUT,/usr/sbin/lightdm,5,0
1700009217,carlos,session-c-26,LOGIN,/usr/bin/sshd,5,0
1700009230,carlos,session-c-26,LOGOUT,/usr/sbin/apache2,5,0
1700009243,dave,session-d-22,LOGIN,/usr/bin/sshd,5,0
1700009256,dave,session-d-22,LOGOUT,/usr/sbin/apache2,5,0
1700009269,eve,session-e-24,LOGIN,/usr/sbin/vsftpd,5,0
1700009282,eve,session-e-24,LOGOUT,/usr/bin/sshd,5,0
1700009295,frank,session-f-26,LOGIN,/usr/bin/sshd,5,0
1700009308,frank,session-f-26,LOGOUT,/usr/sbin/vsftpd,5,0
1700009321,grace,session-g-26,LOGIN,/usr/bin/sshd,5,0
1700009334,grace,session-g-26,LOGOUT,/usr/sbin/vsftpd,5,0
1700009347,heidi,session-h-21,LOGIN,/usr/bin/sshd,5,0
1700009360,heidi,session-h-21,LOGOUT,/opt/app/auth-service,5,0
1700009373,ivan,session-i-21,LOGIN,/opt/app/auth-service,5,0
1700009386,ivan,session-i-21,LOGOUT,/usr/bin/sshd,5,0
1700009399,mallory,session-m-20,LOGIN,/usr/bin/sshd,5,0
1700009412,mallory,session-m-20,LOGOUT,/usr/bin/sshd,5,0
1700009425,oscar,session-o-22,LOGIN,/opt/app/auth-service,5,0
1700009438,oscar,session-o-22,LOGOUT,/usr/sbin/lightdm,5,0
1700009451,peggy,session-p-22,LOGIN,/usr/bin/sshd,5,0
1700009464,peggy,session-p-22,LOGOUT,/usr/bin/sshd,5,0
1700009477,trent,session-t-22,LOGIN,/usr/bin/sshd,5,0
1700009490,trent,session-t-22,LOGOUT,/usr/bin/sshd,5,0
1700009503,victor,session-v-22,LOGIN,/usr/bin/telnetd,5,0
1700009516,victor,session-v-22,LOGOUT,/usr/bin/sshd,5,0
1700009529,walter,session-w-22,LOGIN,/usr/bin/telnetd,5,0
1700009542,walter,session-w-22,LOGOUT,/usr/bin/sshd,5,0
1700009555,alice,session-a-29,LOGIN,/usr/bin/sshd,5,0
1700009568,alice,session-a-29,LOGOUT,/usr/bin/sshd,5,0
1700009581,bob,session-b-28,LOGIN,/usr/bin/sshd,5,0
1700009594,bob,session-b-28,LOGOUT,/usr/bin/sshd,5,0
1700009607,carlos,session-c-27,LOGIN,/usr/sbin/lightdm,5,0
1700009620,carlos,session-c-27,LOGOUT,/usr/bin/sshd,5,0
1700009633,dave,session-d-23,LOGIN,/opt/app/auth-service,5,0
1700009646,dave,session-d-23,LOGOUT,/usr/bin/sshd,5,0
1700009659,eve,session-e-25,LOGIN,/opt/app/auth-service,5,0
1700009672,eve,session-e-25,LOGOUT,/usr/bin/sshd,5,0
1700009685,frank,session-f-27,LOGIN,/usr/bin/sshd,5,0
1700009698,frank,session-f-27,LOGOUT,/usr/sbin/apache2,5,0
1700009711,grace,session-g-27,LOGIN,/usr/bin/sshd,5,0
1700009724,grace,session-g-27,LOGOUT,/usr/bin/sshd,5,0
1700009737,heidi,session-h-22,LOGIN,/opt/app/auth-service,5,0
1700009750,heidi,session-h-22,LOGOUT,/usr/bin/sshd,5,0
1700009763,ivan,session-i-22,LOGIN,/usr/bin/sshd,5,0
1700009776,ivan,session-i-22,LOGOUT,/usr/bin/sshd,5,0
1700009789,mallory,session-m-21,LOGIN,/usr/bin/sshd,5,0
1700009802,mallory,session-m-21,LOGOUT,/usr/bin/sshd,5,0
1700009815,oscar,session-o-23,LOGIN,/usr/bin/sshd,5,0
1700009828,oscar,session-o-23,LOGOUT,/usr/bin/sshd,5,0
1700009841,peggy,session-p-23,LOGIN,/usr/sbin/apache2,5,0
1700009854,peggy,session-p-23,LOGOUT,/usr/sbin/vsftpd,5,0
1700009867,trent,session-t-23,LOGIN,/usr/sbin/lightdm,5,0
1700009880,trent,session-t-23,LOGOUT,/usr/bin/sshd,5,0
1700009893,victor,session-v-23,LOGIN,/usr/bin/sshd,5,0
1700009906,victor,session-v-23,LOGOUT,/usr/bin/sshd,5,0
1700009919,walter,session-w-23,LOGIN,/usr/bin/sshd,5,0
1700009932,walter,session-w-23,LOGOUT,/usr/bin/sshd,5,0
1700009945,alice,session-a-30,LOGIN,/usr/bin/sshd,5,0
1700009958,alice,session-a-30,LOGOUT,/usr/bin/sshd,5,0
1700009971,bob,session-b-29,LOGIN,/usr/bin/telnetd,5,0
1700009984,bob,session-b-29,LOGOUT,/usr/sbin/apache2,5,0
1700009997,carlos,session-c-28,LOGIN,/usr/bin/sshd,5,0
